;wien_total;wien_rel;wien_total_M;wien_total_F;wien_rel_F;wien_rel_M;wien_relrel_F;wien_relrel_M;graz_total;graz_rel;graz_total_M;graz_total_F;graz_rel_F;graz_rel_M;graz_relrel_F;graz_relrel_M;basel_total;basel_rel;basel_total_M;basel_total_F;basel_rel_F;basel_rel_M;basel_relrel_F;basel_relrel_M;chemnitz_total;chemnitz_rel;chemnitz_total_M;chemnitz_total_F;chemnitz_rel_F;chemnitz_rel_M;chemnitz_relrel_F;chemnitz_relrel_M;erfurt_total;erfurt_rel;erfurt_total_M;erfurt_total_F;erfurt_rel_F;erfurt_rel_M;erfurt_relrel_F;erfurt_relrel_M;halle_total;halle_rel;halle_total_M;halle_total_F;halle_rel_F;halle_rel_M;halle_relrel_F;halle_relrel_M;marburg_total;marburg_rel;marburg_total_M;marburg_total_F;marburg_rel_F;marburg_rel_M;marburg_relrel_F;marburg_relrel_M;mainz_total;mainz_rel;mainz_total_M;mainz_total_F;mainz_rel_F;mainz_rel_M;mainz_relrel_F;mainz_relrel_M;stuttgart_total;stuttgart_rel;stuttgart_total_M;stuttgart_total_F;stuttgart_rel_F;stuttgart_rel_M;stuttgart_relrel_F;stuttgart_relrel_M;semester_start
0;0;0.0;;;;;;;0;0.0;;;;;;;0;0.0;;;;;;;0;0.0;;;;;;;0;0.0;;;;;;;0;0.0;;;;;;;0;0.0;;;;;;;0;0.0;;;;;;;0;0.0;;;;;;;2000-09-01
1;38;0.05397727272727273;17.0;21.0;0.5526315789473685;0.4473684210526316;0.000784988038277512;0.0006354665071770334;0;0.0;;;;;;;0;0.0;;;;;;;0;0.0;;;;;;;0;0.0;;;;;;;0;0.0;;;;;;;0;0.0;;;;;;;0;0.0;;;;;;;0;0.0;;;;;;;2001-04-01
2;0;0.0;;;;;;;0;0.0;;;;;;;0;0.0;;;;;;;0;0.0;;;;;;;0;0.0;;;;;;;0;0.0;;;;;;;0;0.0;;;;;;;0;0.0;;;;;;;0;0.0;;;;;;;2001-09-01
3;0;0.0;;;;;;;0;0.0;;;;;;;0;0.0;;;;;;;0;0.0;;;;;;;0;0.0;;;;;;;0;0.0;;;;;;;0;0.0;;;;;;;0;0.0;;;;;;;0;0.0;;;;;;;2002-04-01
4;0;0.0;;;;;;;51;0.03642857142857143;40.0;11.0;0.21568627450980393;0.7843137254901961;0.00015406162464985996;0.0005602240896358543;0;0.0;;;;;;;0;0.0;;;;;;;0;0.0;;;;;;;0;0.0;;;;;;;0;0.0;;;;;;;0;0.0;;;;;;;0;0.0;;;;;;;2002-09-01
5;0;0.0;;;;;;;38;0.027142857142857142;34.0;4.0;0.10526315789473684;0.8947368421052632;7.518796992481203e-05;0.0006390977443609023;0;0.0;;;;;;;0;0.0;;;;;;;0;0.0;;;;;;;0;0.0;;;;;;;0;0.0;;;;;;;0;0.0;;;;;;;0;0.0;;;;;;;2003-04-01
6;0;0.0;;;;;;;8;0.005714285714285714;7.0;0.0;0.0;0.875;0.0;0.000625;0;0.0;;;;;;;0;0.0;;;;;;;0;0.0;;;;;;;0;0.0;;;;;;;0;0.0;;;;;;;0;0.0;;;;;;;0;0.0;;;;;;;2003-09-01
7;0;0.0;;;;;;;0;0.0;;;;;;;0;0.0;;;;;;;0;0.0;;;;;;;0;0.0;;;;;;;0;0.0;;;;;;;0;0.0;;;;;;;0;0.0;;;;;;;0;0.0;;;;;;;2004-04-01
8;37;0.052556818181818184;37.0;0.0;0.0;1.0;0.0;0.0014204545454545455;1;0.0007142857142857143;1.0;0.0;0.0;1.0;0.0;0.0007142857142857143;0;0.0;;;;;;;0;0.0;;;;;;;0;0.0;;;;;;;0;0.0;;;;;;;0;0.0;;;;;;;0;0.0;;;;;;;0;0.0;;;;;;;2004-09-01
9;11;0.015625;11.0;0.0;0.0;1.0;0.0;0.0014204545454545455;10;0.007142857142857143;10.0;0.0;0.0;1.0;0.0;0.0007142857142857143;0;0.0;;;;;;;0;0.0;;;;;;;0;0.0;;;;;;;0;0.0;;;;;;;0;0.0;;;;;;;0;0.0;;;;;;;0;0.0;;;;;;;2005-04-01
10;4;0.005681818181818182;4.0;0.0;0.0;1.0;0.0;0.0014204545454545455;0;0.0;;;;;;;0;0.0;;;;;;;0;0.0;;;;;;;0;0.0;;;;;;;0;0.0;;;;;;;0;0.0;;;;;;;0;0.0;;;;;;;0;0.0;;;;;;;2005-09-01
11;12;0.017045454545454544;10.0;2.0;0.16666666666666666;0.8333333333333334;0.00023674242424242422;0.0011837121212121212;0;0.0;;;;;;;0;0.0;;;;;;;0;0.0;;;;;;;0;0.0;;;;;;;0;0.0;;;;;;;0;0.0;;;;;;;0;0.0;;;;;;;0;0.0;;;;;;;2006-04-01
12;6;0.008522727272727272;2.0;4.0;0.6666666666666666;0.3333333333333333;0.0009469696969696969;0.00047348484848484844;20;0.014285714285714285;18.0;2.0;0.1;0.9;7.142857142857143e-05;0.0006428571428571428;0;0.0;;;;;;;0;0.0;;;;;;;0;0.0;;;;;;;0;0.0;;;;;;;0;0.0;;;;;;;0;0.0;;;;;;;0;0.0;;;;;;;2006-09-01
13;2;0.002840909090909091;2.0;0.0;0.0;1.0;0.0;0.0014204545454545455;10;0.007142857142857143;6.0;4.0;0.4;0.6;0.00028571428571428574;0.00042857142857142855;0;0.0;;;;;;;0;0.0;;;;;;;0;0.0;;;;;;;0;0.0;;;;;;;0;0.0;;;;;;;0;0.0;;;;;;;0;0.0;;;;;;;2007-04-01
14;89;0.12642045454545456;59.0;29.0;0.3258426966292135;0.6629213483146067;0.00046284473953013284;0.0009416496424923391;21;0.015;19.0;2.0;0.09523809523809523;0.9047619047619048;6.802721088435374e-05;0.0006462585034013606;0;0.0;;;;;;;0;0.0;;;;;;;0;0.0;;;;;;;69;0.053446940356312936;54.0;13.0;0.18840579710144928;0.782608695652174;0.00014593787536905443;0.0006062034823022262;0;0.0;;;;;;;0;0.0;;;;;;;0;0.0;;;;;;;2007-09-01
15;61;0.08664772727272728;43.0;18.0;0.29508196721311475;0.7049180327868853;0.000419150521609538;0.0010013040238450075;12;0.008571428571428572;9.0;3.0;0.25;0.75;0.00017857142857142857;0.0005357142857142857;0;0.0;;;;;;;0;0.0;;;;;;;0;0.0;;;;;;;67;0.051897753679318356;54.0;13.0;0.19402985074626866;0.8059701492537313;0.00015029422985768292;0.000624299108639606;0;0.0;;;;;;;0;0.0;;;;;;;0;0.0;;;;;;;2008-04-01
16;49;0.06960227272727272;35.0;14.0;0.2857142857142857;0.7142857142857143;0.0004058441558441558;0.0010146103896103897;21;0.015;15.0;6.0;0.2857142857142857;0.7142857142857143;0.0002040816326530612;0.0005102040816326531;0;0.0;;;;;;;0;0.0;;;;;;;0;0.0;;;;;;;44;0.03408210689388071;38.0;6.0;0.13636363636363635;0.8636363636363636;0.0001056263643405394;0.0006689669741567495;0;0.0;;;;;;;0;0.0;;;;;;;0;0.0;;;;;;;2008-09-01
17;18;0.02556818181818182;18.0;0.0;0.0;1.0;0.0;0.0014204545454545455;17;0.012142857142857143;15.0;2.0;0.11764705882352941;0.8823529411764706;8.403361344537815e-05;0.0006302521008403361;0;0.0;;;;;;;0;0.0;;;;;;;0;0.0;;;;;;;101;0.07823392718822618;92.0;9.0;0.0891089108910891;0.9108910891089109;6.902316877698614e-05;0.0007055701697203028;0;0.0;;;;;;;0;0.0;;;;;;;0;0.0;;;;;;;2009-04-01
18;87;0.12357954545454546;81.0;6.0;0.06896551724137931;0.9310344827586207;9.796238244514106e-05;0.0013224921630094044;62;0.04428571428571428;44.0;18.0;0.2903225806451613;0.7096774193548387;0.00020737327188940095;0.0005069124423963134;0;0.0;;;;;;;0;0.0;;;;;;;0;0.0;;;;;;;81;0.0627420604182804;66.0;15.0;0.18518518518518517;0.8148148148148148;0.00014344321083283127;0.0006311501276644576;0;0.0;;;;;;;10;0.018518518518518517;10.0;0.0;0.0;1.0;0.0;0.001851851851851852;0;0.0;;;;;;;2009-09-01
19;47;0.06676136363636363;40.0;7.0;0.14893617021276595;0.851063829787234;0.00021155705996131526;0.0012088974854932303;4;0.002857142857142857;4.0;0.0;0.0;1.0;0.0;0.0007142857142857143;0;0.0;;;;;;;0;0.0;;;;;;;0;0.0;;;;;;;95;0.07358636715724244;84.0;11.0;0.11578947368421053;0.8842105263157894;8.968975498389661e-05;0.0006849035835133923;0;0.0;;;;;;;31;0.05740740740740741;31.0;0.0;0.0;1.0;0.0;0.001851851851851852;0;0.0;;;;;;;2010-04-01
20;37;0.052556818181818184;29.0;8.0;0.21621621621621623;0.7837837837837838;0.0003071253071253071;0.0011133292383292382;21;0.015;20.0;1.0;0.047619047619047616;0.9523809523809523;3.401360544217687e-05;0.0006802721088435374;0;0.0;;;;;;;0;0.0;;;;;;;0;0.0;;;;;;;52;0.040278853601859024;49.0;3.0;0.057692307692307696;0.9423076923076923;4.468807722099744e-05;0.0007299052612762915;0;0.0;;;;;;;9;0.016666666666666666;9.0;0.0;0.0;1.0;0.0;0.001851851851851852;0;0.0;;;;;;;2010-09-01
21;69;0.09801136363636363;53.0;16.0;0.2318840579710145;0.7681159420289855;0.00032938076416337287;0.0010910737812911725;21;0.015;15.0;6.0;0.2857142857142857;0.7142857142857143;0.0002040816326530612;0.0005102040816326531;0;0.0;;;;;;;0;0.0;;;;;;;0;0.0;;;;;;;64;0.049573973663826494;61.0;2.0;0.03125;0.953125;2.420604182804028e-05;0.0007382842757552285;0;0.0;;;;;;;28;0.05185185185185185;28.0;0.0;0.0;1.0;0.0;0.001851851851851852;0;0.0;;;;;;;2011-04-01
22;48;0.06818181818181818;38.0;10.0;0.20833333333333334;0.7916666666666666;0.0002959280303030303;0.001124526515151515;28;0.02;24.0;4.0;0.14285714285714285;0.8571428571428571;0.0001020408163265306;0.0006122448979591836;0;0.0;;;;;;;0;0.0;;;;;;;0;0.0;;;;;;;24;0.018590240123934933;18.0;6.0;0.25;0.75;0.00019364833462432224;0.0005809450038729666;0;0.0;;;;;;;20;0.037037037037037035;18.0;2.0;0.1;0.9;0.0001851851851851852;0.0016666666666666668;0;0.0;;;;;;;2011-09-01
23;43;0.061079545454545456;33.0;10.0;0.23255813953488372;0.7674418604651163;0.000330338266384778;0.0010901162790697674;26;0.018571428571428572;13.0;13.0;0.5;0.5;0.00035714285714285714;0.00035714285714285714;0;0.0;;;;;;;0;0.0;;;;;;;5;0.01557632398753894;5.0;0.0;0.0;1.0;0.0;0.003115264797507788;35;0.027110766847405113;32.0;3.0;0.08571428571428572;0.9142857142857143;6.639371472833905e-05;0.0007081996237689499;0;0.0;;;;;;;32;0.05925925925925926;30.0;2.0;0.0625;0.9375;0.00011574074074074075;0.001736111111111111;0;0.0;;;;;;;2012-04-01
24;32;0.045454545454545456;28.0;4.0;0.125;0.875;0.0001775568181818182;0.0012428977272727273;49;0.035;41.0;8.0;0.16326530612244897;0.8367346938775511;0.00011661807580174926;0.000597667638483965;0;0.0;;;;;;;0;0.0;;;;;;;10;0.03115264797507788;9.0;1.0;0.1;0.9;0.00031152647975077883;0.0028037383177570096;62;0.048024786986831915;56.0;6.0;0.0967741935483871;0.9032258064516129;7.496064566102795e-05;0.000699632692836261;0;0.0;;;;;;;34;0.06296296296296296;33.0;1.0;0.029411764705882353;0.9705882352941176;5.446623093681917e-05;0.0017973856209150326;0;0.0;;;;;;;2012-09-01
25;43;0.061079545454545456;36.0;7.0;0.16279069767441862;0.8372093023255814;0.00023123678646934463;0.0011892177589852009;18;0.012857142857142857;15.0;3.0;0.16666666666666666;0.8333333333333334;0.00011904761904761905;0.0005952380952380953;0;0.0;;;;;;;0;0.0;;;;;;;21;0.06542056074766354;16.0;5.0;0.23809523809523808;0.7619047619047619;0.0007417297136923305;0.0023735350838154576;53;0.041053446940356314;44.0;9.0;0.16981132075471697;0.8301886792452831;0.0001315347178580302;0.0006430586206392588;0;0.0;;;;;;;7;0.012962962962962963;7.0;0.0;0.0;1.0;0.0;0.001851851851851852;0;0.0;;;;;;;2013-04-01
26;25;0.03551136363636364;22.0;2.0;0.08;0.88;0.00011363636363636364;0.00125;20;0.014285714285714285;17.0;3.0;0.15;0.85;0.00010714285714285714;0.0006071428571428571;46;0.0738362760834671;41.0;5.0;0.10869565217391304;0.8913043478260869;0.00017447135180403378;0.0014306650847930769;0;0.0;;;;;;;14;0.04361370716510903;10.0;4.0;0.2857142857142857;0.7142857142857143;0.0008900756564307966;0.0022251891410769915;54;0.041828040278853604;51.0;2.0;0.037037037037037035;0.9444444444444444;2.8688642166566254e-05;0.0007315603752474395;0;0.0;;;;;;;39;0.07222222222222222;38.0;1.0;0.02564102564102564;0.9743589743589743;4.748338081671415e-05;0.0018043684710351377;0;0.0;;;;;;;2013-09-01
27;55;0.078125;43.0;12.0;0.21818181818181817;0.7818181818181819;0.0003099173553719008;0.0011105371900826447;20;0.014285714285714285;15.0;5.0;0.25;0.75;0.00017857142857142857;0.0005357142857142857;44;0.07062600321027288;43.0;1.0;0.022727272727272728;0.9772727272727273;3.648037355902525e-05;0.0015686560630380855;0;0.0;;;;;;;10;0.03115264797507788;10.0;0.0;0.0;1.0;0.0;0.003115264797507788;54;0.041828040278853604;43.0;11.0;0.2037037037037037;0.7962962962962963;0.0001577875319161144;0.0006168058065811745;0;0.0;;;;;;;22;0.040740740740740744;19.0;3.0;0.13636363636363635;0.8636363636363636;0.0002525252525252525;0.0015993265993265993;0;0.0;;;;;;;2014-04-01
28;50;0.07102272727272728;39.0;11.0;0.22;0.78;0.0003125;0.0011079545454545454;17;0.012142857142857143;14.0;3.0;0.17647058823529413;0.8235294117647058;0.00012605042016806722;0.000588235294117647;74;0.1187800963081862;66.0;8.0;0.10810810810810811;0.8918918918918919;0.00017352826341590389;0.0014316081731812068;0;0.0;;;;;;;10;0.03115264797507788;9.0;1.0;0.1;0.9;0.00031152647975077883;0.0028037383177570096;90;0.069713400464756;83.0;4.0;0.044444444444444446;0.9222222222222223;3.442637059987951e-05;0.0007143471899474998;0;0.0;;;;;;;15;0.027777777777777776;14.0;1.0;0.06666666666666667;0.9333333333333333;0.0001234567901234568;0.0017283950617283952;0;0.0;;;;;;;2014-09-01
29;57;0.08096590909090909;38.0;19.0;0.3333333333333333;0.6666666666666666;0.00047348484848484844;0.0009469696969696969;34;0.024285714285714285;24.0;9.0;0.2647058823529412;0.7058823529411765;0.00018907563025210084;0.0005042016806722689;62;0.09951845906902086;62.0;0.0;0.0;1.0;0.0;0.0016051364365971107;0;0.0;;;;;;;24;0.07476635514018691;19.0;5.0;0.20833333333333334;0.7916666666666666;0.0006490134994807892;0.002466251298026999;76;0.05886909372579396;71.0;4.0;0.05263157894736842;0.9342105263157895;4.076807044722573e-05;0.0007236332504382567;0;0.0;;;;;;;21;0.03888888888888889;21.0;0.0;0.0;1.0;0.0;0.001851851851851852;0;0.0;;;;;;;2015-04-01
30;19;0.026988636363636364;19.0;0.0;0.0;1.0;0.0;0.0014204545454545455;40;0.02857142857142857;35.0;5.0;0.125;0.875;8.928571428571429e-05;0.000625;59;0.09470304975922954;57.0;1.0;0.01694915254237288;0.9661016949152542;2.7205702315205268e-05;0.0015507250319667;0;0.0;;;;;;;19;0.059190031152647975;16.0;3.0;0.15789473684210525;0.8421052631578947;0.0004918839153959665;0.0026233808821118213;79;0.061192873741285826;61.0;17.0;0.21518987341772153;0.7721518987341772;0.00016668464246144193;0.0005981037170675269;0;0.0;;;;;;;24;0.044444444444444446;21.0;3.0;0.125;0.875;0.0002314814814814815;0.0016203703703703703;0;0.0;;;;;;;2015-09-01
31;37;0.052556818181818184;22.0;15.0;0.40540540540540543;0.5945945945945946;0.0005758599508599509;0.0008445945945945946;23;0.016428571428571428;18.0;5.0;0.21739130434782608;0.782608695652174;0.00015527950310559007;0.0005590062111801243;63;0.10112359550561797;57.0;6.0;0.09523809523809523;0.9047619047619048;0.00015287013681877245;0.0014522662997783382;0;0.0;;;;;;;39;0.12149532710280374;37.0;2.0;0.05128205128205128;0.9487179487179487;0.0001597571691029635;0.0029555076284048247;49;0.037955073586367155;34.0;15.0;0.30612244897959184;0.6938775510204082;0.00023712040974406805;0.0005374729287532209;0;0.0;;;;;;;24;0.044444444444444446;19.0;5.0;0.20833333333333334;0.7916666666666666;0.0003858024691358025;0.0014660493827160493;50;0.07342143906020558;47.0;3.0;0.06;0.94;8.810572687224669e-05;0.0013803230543318649;2016-04-01
32;52;0.07386363636363637;39.0;13.0;0.25;0.75;0.0003551136363636364;0.001065340909090909;30;0.02142857142857143;24.0;6.0;0.2;0.8;0.00014285714285714287;0.0005714285714285715;42;0.06741573033707865;37.0;3.0;0.07142857142857142;0.8809523809523809;0.00011465260261407934;0.001414048765573645;0;0.0;;;;;;;6;0.018691588785046728;4.0;2.0;0.3333333333333333;0.6666666666666666;0.0010384215991692627;0.0020768431983385254;125;0.09682416731216112;111.0;13.0;0.104;0.888;8.055770720371804e-05;0.0006878388845855926;0;0.0;;;;;;;47;0.08703703703703704;43.0;4.0;0.0851063829787234;0.9148936170212766;0.00015760441292356184;0.00169424743892829;52;0.0763582966226138;44.0;7.0;0.1346153846153846;0.8461538461538461;0.00019767310516209194;0.0012425166610188637;2016-09-01
33;58;0.08238636363636363;47.0;11.0;0.1896551724137931;0.8103448275862069;0.00026939655172413793;0.0011510579937304075;27;0.019285714285714285;13.0;14.0;0.5185185185185185;0.48148148148148145;0.00037037037037037035;0.0003439153439153439;40;0.06420545746388442;36.0;4.0;0.1;0.9;0.00016051364365971107;0.0014446227929373998;0;0.0;;;;;;;19;0.059190031152647975;14.0;5.0;0.2631578947368421;0.7368421052631579;0.0008198065256599442;0.002295458271847844;46;0.03563129357087529;42.0;3.0;0.06521739130434782;0.9130434782608695;5.051695685851884e-05;0.0007072373960192637;0;0.0;;;;;;;38;0.07037037037037037;33.0;5.0;0.13157894736842105;0.868421052631579;0.00024366471734892786;0.001608187134502924;46;0.06754772393538913;39.0;7.0;0.15217391304347827;0.8478260869565217;0.00022345655366149525;0.0012449722275426163;2017-04-01
34;25;0.03551136363636364;19.0;6.0;0.24;0.76;0.0003409090909090909;0.0010795454545454546;13;0.009285714285714286;9.0;4.0;0.3076923076923077;0.6923076923076923;0.00021978021978021978;0.0004945054945054945;50;0.08025682182985554;49.0;1.0;0.02;0.98;3.2102728731942213e-05;0.0015730337078651685;0;0.0;;;;;;;13;0.040498442367601244;11.0;2.0;0.15384615384615385;0.8461538461538461;0.0004792715073088905;0.0026359932901988976;75;0.05809450038729667;70.0;4.0;0.05333333333333334;0.9333333333333333;4.131164471985541e-05;0.0007229537825974697;0;0.0;;;;;;;34;0.06296296296296296;30.0;4.0;0.11764705882352941;0.8823529411764706;0.00021786492374727668;0.0016339869281045752;34;0.049926578560939794;30.0;3.0;0.08823529411764706;0.8823529411764706;0.0001295672454003628;0.0012956724540036278;2017-09-01
35;96;0.13636363636363635;65.0;31.0;0.3229166666666667;0.6770833333333334;0.000458688446969697;0.0009617660984848485;28;0.02;16.0;12.0;0.42857142857142855;0.5714285714285714;0.0003061224489795918;0.0004081632653061224;58;0.09309791332263243;46.0;11.0;0.1896551724137931;0.7931034482758621;0.0003044224276304865;0.0012730392428183983;0;0.0;;;;;;;16;0.04984423676012461;14.0;2.0;0.125;0.875;0.0003894080996884735;0.0027258566978193145;117;0.0906274206041828;107.0;10.0;0.08547008547008547;0.9145299145299145;6.620455884592213e-05;0.0007083887796513668;70;0.16055045871559634;56.0;14.0;0.2;0.8;0.00045871559633027525;0.001834862385321101;7;0.012962962962962963;7.0;0.0;0.0;1.0;0.0;0.001851851851851852;65;0.09544787077826726;50.0;14.0;0.2153846153846154;0.7692307692307693;0.00031627696825934715;0.0011295606009262397;2018-04-01
36;20;0.028409090909090908;17.0;3.0;0.15;0.85;0.0002130681818181818;0.0012073863636363636;22;0.015714285714285715;14.0;8.0;0.36363636363636365;0.6363636363636364;0.00025974025974025974;0.00045454545454545455;68;0.10914927768860354;56.0;9.0;0.1323529411764706;0.8235294117647058;0.00021244452837314702;0.0013218770654329147;20;0.15267175572519084;19.0;0.0;0.0;0.95;0.0;0.007251908396946565;12;0.037383177570093455;12.0;0.0;0.0;1.0;0.0;0.003115264797507788;74;0.05731990704879938;67.0;7.0;0.0945945945945946;0.9054054054054054;7.327234283082463e-05;0.0007013209956664643;67;0.1536697247706422;55.0;11.0;0.16417910447761194;0.8208955223880597;0.00037655757907709164;0.0018827878953854582;7;0.012962962962962963;7.0;0.0;0.0;1.0;0.0;0.001851851851851852;50;0.07342143906020558;38.0;12.0;0.24;0.76;0.00035242290748898676;0.0011160058737151248;2018-09-01
37;49;0.06960227272727272;38.0;11.0;0.22448979591836735;0.7755102040816326;0.00031887755102040814;0.0011015769944341372;43;0.030714285714285715;34.0;9.0;0.20930232558139536;0.7906976744186046;0.0001495016611295681;0.0005647840531561462;69;0.11075441412520064;59.0;8.0;0.11594202898550725;0.855072463768116;0.00018610277525763603;0.0013725079675250657;15;0.11450381679389313;12.0;3.0;0.2;0.8;0.0015267175572519084;0.0061068702290076335;34;0.1059190031152648;30.0;4.0;0.11764705882352941;0.8823529411764706;0.0003665017408832692;0.002748763056624519;97;0.07513555383423702;81.0;16.0;0.16494845360824742;0.8350515463917526;0.00012776797336037755;0.0006468253651369114;94;0.21559633027522937;65.0;28.0;0.2978723404255319;0.6914893617021277;0.0006831934413429631;0.0015859847745461645;27;0.05;24.0;3.0;0.1111111111111111;0.8888888888888888;0.00020576131687242798;0.0016460905349794238;58;0.08516886930983847;47.0;10.0;0.1724137931034483;0.8103448275862069;0.0002531773760696744;0.0011899336675274697;2019-04-01
38;50;0.07102272727272728;38.0;10.0;0.2;0.76;0.00028409090909090913;0.0010795454545454546;12;0.008571428571428572;9.0;3.0;0.25;0.75;0.00017857142857142857;0.0005357142857142857;44;0.07062600321027288;35.0;9.0;0.20454545454545456;0.7954545454545454;0.0003283233620312272;0.0012768130745658835;16;0.12213740458015267;14.0;2.0;0.125;0.875;0.0009541984732824427;0.006679389312977099;0;0.0;;;;;;;91;0.0704879938032533;83.0;8.0;0.08791208791208792;0.9120879120879121;6.809611767009134e-05;0.0007064972208271976;86;0.19724770642201836;74.0;12.0;0.13953488372093023;0.8604651162790697;0.0003200341369746106;0.0019735438446767655;14;0.025925925925925925;14.0;0.0;0.0;1.0;0.0;0.001851851851851852;71;0.10425844346549193;56.0;15.0;0.2112676056338028;0.7887323943661971;0.00031023143264875596;0.0011581973485553555;2019-09-01
39;29;0.041193181818181816;22.0;7.0;0.2413793103448276;0.7586206896551724;0.00034286833855799373;0.0010775862068965517;18;0.012857142857142857;14.0;4.0;0.2222222222222222;0.7777777777777778;0.00015873015873015873;0.0005555555555555556;51;0.08186195826645265;43.0;8.0;0.1568627450980392;0.8431372549019608;0.0002517861077015076;0.0013533503288956032;15;0.11450381679389313;12.0;3.0;0.2;0.8;0.0015267175572519084;0.0061068702290076335;18;0.056074766355140186;18.0;0.0;0.0;1.0;0.0;0.003115264797507788;112;0.08675445391169635;100.0;12.0;0.10714285714285714;0.8928571428571429;8.29921434104238e-05;0.0006916011950868652;37;0.08486238532110092;25.0;12.0;0.32432432432432434;0.6756756756756757;0.0007438631291842301;0.001549714852467146;23;0.04259259259259259;21.0;2.0;0.08695652173913043;0.9130434782608695;0.00016103059581320451;0.0016908212560386472;59;0.08663729809104258;45.0;12.0;0.2033898305084746;0.7627118644067796;0.00029866348092287017;0.001119988053460763;2020-04-01
40;69;0.09801136363636363;39.0;28.0;0.4057971014492754;0.5652173913043478;0.0005764163372859025;0.0008028656126482213;18;0.012857142857142857;15.0;1.0;0.05555555555555555;0.8333333333333334;3.968253968253968e-05;0.0005952380952380953;53;0.08507223113964688;49.0;3.0;0.05660377358490566;0.9245283018867925;9.085677943002515e-05;0.001483994064023744;10;0.07633587786259542;8.0;2.0;0.2;0.8;0.0015267175572519084;0.0061068702290076335;5;0.01557632398753894;5.0;0.0;0.0;1.0;0.0;0.003115264797507788;72;0.055770720371804805;58.0;14.0;0.19444444444444445;0.8055555555555556;0.00015061537137447286;0.0006239779671228161;58;0.13302752293577982;38.0;20.0;0.3448275862068966;0.6551724137931034;0.0007908889591901298;0.0015026890224612464;25;0.046296296296296294;24.0;1.0;0.04;0.96;7.407407407407407e-05;0.0017777777777777776;47;0.06901615271659324;39.0;8.0;0.1702127659574468;0.8297872340425532;0.0002499453244602743;0.0012184834567438372;2020-09-01
41;35;0.04971590909090909;26.0;9.0;0.2571428571428571;0.7428571428571429;0.0003652597402597402;0.0010551948051948053;17;0.012142857142857143;12.0;5.0;0.29411764705882354;0.7058823529411765;0.0002100840336134454;0.0005042016806722689;60;0.09630818619582665;51.0;9.0;0.15;0.85;0.0002407704654895666;0.0013643659711075442;8;0.061068702290076333;5.0;2.0;0.25;0.625;0.0019083969465648854;0.004770992366412214;16;0.04984423676012461;14.0;2.0;0.125;0.875;0.0003894080996884735;0.0027258566978193145;140;0.10844306738962045;120.0;19.0;0.1357142857142857;0.8571428571428571;0.00010512338165320348;0.0006639371472833904;72;0.1651376146788991;51.0;21.0;0.2916666666666667;0.7083333333333334;0.0006689602446483181;0.0016246177370030583;27;0.05;20.0;7.0;0.25925925925925924;0.7407407407407407;0.0004801097393689986;0.0013717421124828531;64;0.09397944199706314;54.0;10.0;0.15625;0.84375;0.00022944199706314243;0.0012389867841409693;2021-04-01
42;38;0.05397727272727273;22.0;16.0;0.42105263157894735;0.5789473684210527;0.0005980861244019139;0.0008223684210526316;35;0.025;29.0;6.0;0.17142857142857143;0.8285714285714286;0.00012244897959183673;0.0005918367346938776;51;0.08186195826645265;42.0;9.0;0.17647058823529413;0.8235294117647058;0.000283259371164196;0.0013218770654329147;11;0.08396946564885496;8.0;3.0;0.2727272727272727;0.7272727272727273;0.002081887578070784;0.005551700208188758;5;0.01557632398753894;5.0;0.0;0.0;1.0;0.0;0.003115264797507788;127;0.0983733539891557;104.0;23.0;0.18110236220472442;0.8188976377952756;0.00014028068334990274;0.0006343126551473862;54;0.12385321100917432;37.0;16.0;0.2962962962962963;0.6851851851851852;0.0006795786612300373;0.0015715256540944616;32;0.05925925925925926;29.0;3.0;0.09375;0.90625;0.00017361111111111112;0.0016782407407407408;32;0.04698972099853157;24.0;7.0;0.21875;0.75;0.0003212187958883994;0.0011013215859030838;2021-09-01
43;57;0.08096590909090909;38.0;19.0;0.3333333333333333;0.6666666666666666;0.00047348484848484844;0.0009469696969696969;27;0.019285714285714285;13.0;14.0;0.5185185185185185;0.48148148148148145;0.00037037037037037035;0.0003439153439153439;49;0.07865168539325842;40.0;9.0;0.1836734693877551;0.8163265306122449;0.00029482097815048975;0.001310315458446621;7;0.05343511450381679;6.0;1.0;0.14285714285714285;0.8571428571428571;0.0010905125408942201;0.006543075245365322;7;0.021806853582554516;6.0;1.0;0.14285714285714285;0.8571428571428571;0.0004450378282153983;0.0026702269692923898;187;0.14484895429899303;146.0;39.0;0.20855614973262032;0.7807486631016043;0.00016154620428553083;0.0006047627134791668;54;0.12385321100917432;39.0;15.0;0.2777777777777778;0.7222222222222222;0.0006371049949031601;0.001656472986748216;22;0.040740740740740744;15.0;7.0;0.3181818181818182;0.6818181818181818;0.0005892255892255892;0.0012626262626262625;65;0.09544787077826726;54.0;10.0;0.15384615384615385;0.8307692307692308;0.00022591212018524794;0.001219925449000339;2022-04-01
44;28;0.03977272727272727;25.0;3.0;0.10714285714285714;0.8928571428571429;0.00015219155844155844;0.001268262987012987;20;0.014285714285714285;11.0;9.0;0.45;0.55;0.0003214285714285714;0.0003928571428571429;40;0.06420545746388442;30.0;10.0;0.25;0.75;0.0004012841091492777;0.001203852327447833;19;0.1450381679389313;19.0;0.0;0.0;1.0;0.0;0.007633587786259542;14;0.04361370716510903;14.0;0.0;0.0;1.0;0.0;0.003115264797507788;108;0.08365608055770721;78.0;30.0;0.2777777777777778;0.7222222222222222;0.00021516481624924693;0.000559428522248042;50;0.11467889908256881;38.0;12.0;0.24;0.76;0.0005504587155963302;0.0017431192660550458;1;0.001851851851851852;1.0;0.0;0.0;1.0;0.0;0.001851851851851852;82;0.12041116005873716;67.0;15.0;0.18292682926829268;0.8170731707317073;0.00026861502095197165;0.00119981376025214;2022-09-01
45;84;0.11931818181818182;51.0;33.0;0.39285714285714285;0.6071428571428571;0.0005580357142857143;0.0008624188311688311;23;0.016428571428571428;13.0;10.0;0.43478260869565216;0.5652173913043478;0.00031055900621118014;0.00040372670807453415;66;0.10593900481540931;51.0;13.0;0.19696969696969696;0.7727272727272727;0.0003161632375115521;0.0012403327010068583;5;0.03816793893129771;3.0;1.0;0.2;0.6;0.0015267175572519084;0.004580152671755725;10;0.03115264797507788;9.0;1.0;0.1;0.9;0.00031152647975077883;0.0028037383177570096;141;0.10921766072811774;115.0;26.0;0.18439716312056736;0.8156028368794326;0.00014283281419098944;0.0006317605243062994;41;0.09403669724770643;21.0;20.0;0.4878048780487805;0.5121951219512195;0.0011188185276348175;0.0011747594540165586;11;0.020370370370370372;11.0;0.0;0.0;1.0;0.0;0.001851851851851852;74;0.10866372980910426;52.0;21.0;0.28378378378378377;0.7027027027027027;0.0004167162757471127;0.001031868873278565;2023-04-01
46;35;0.04971590909090909;25.0;10.0;0.2857142857142857;0.7142857142857143;0.0004058441558441558;0.0010146103896103897;26;0.018571428571428572;19.0;7.0;0.2692307692307692;0.7307692307692307;0.0001923076923076923;0.0005219780219780219;29;0.04654895666131621;25.0;4.0;0.13793103448275862;0.8620689655172413;0.00022139812918580838;0.0013837383074113024;9;0.06870229007633588;7.0;2.0;0.2222222222222222;0.7777777777777778;0.0016963528413910093;0.005937234944868533;12;0.037383177570093455;8.0;4.0;0.3333333333333333;0.6666666666666666;0.0010384215991692627;0.0020768431983385254;78;0.060418280402788536;70.0;8.0;0.10256410256410256;0.8974358974358975;7.944547061510656e-05;0.0006951478678821824;34;0.0779816513761468;25.0;9.0;0.2647058823529412;0.7352941176470589;0.0006071235833783055;0.0016864543982730708;48;0.08888888888888889;48.0;0.0;0.0;1.0;0.0;0.001851851851851852;46;0.06754772393538913;28.0;18.0;0.391304347826087;0.6086956521739131;0.0005746025665581306;0.000893826214645981;2023-09-01
